Gamma, Beta, Epsilon, Reached, Best, Worst, Average, Std, BestReward
0.9, 0.1, 25, 9, 454, 577, 535.0, 57.28874234961002, 26.589432261884212
