Gamma, Beta, Epsilon, Reached, Best, Worst, Average, Std
0.9, 0.9, 0.25, 67, 67, 149, 157, 150.02985074626866, 1.505910239478142
