Gamma, Beta, Epsilon, Reached, Best, Worst, Average, Std
0.9, 0.9, 0.25, 66, 149, 155, 149.96969696969697, 1.2427937366309019
